ID;LEVEL;NAME;SHORTNAME;DESC;UPDATEDATE;STARTDATE;ENDDATE;ISACTIVE
5;1;Автономная область;Аобл;Автономная область;01.01.1900;01.01.1900;05.11.2015;ИСТИНА
2;1;Автономная область;а.обл.;Автономная область;05.11.2015;05.11.2015;06.06.2079;ИСТИНА
3;1;Автономный округ;а.окр.;Автономный округ;05.11.2015;05.11.2015;06.06.2079;ИСТИНА
4;1;Автономный округ;АО;Автономный округ;01.01.1900;01.01.1900;05.11.2015;ИСТИНА
6;1;Город;г;Город;01.01.1900;01.01.1900;05.11.2015;ИСТИНА
7;1;Город;г.;Город;05.11.2015;05.11.2015;06.06.2079;ИСТИНА
8;1;Город федерального значения;г.ф.з.;Город федерального значения;05.11.2015;05.11.2015;06.06.2079;ИСТИНА
9;1;Край;край;Край;01.01.1900;01.01.1900;06.06.2079;ИСТИНА
10;1;Область;обл;Область;01.01.1900;01.01.1900;05.11.2015;ИСТИНА
11;1;Область;обл.;Область;05.11.2015;05.11.2015;06.06.2079;ИСТИНА
12;1;Округ;округ;Округ;01.01.1900;01.01.1900;05.11.2015;ИСТИНА
14;1;Республика;респ.;Республика;05.11.2015;05.11.2015;06.06.2079;ИСТИНА
13;1;Республика;Респ;Республика;01.01.1900;01.01.1900;05.11.2015;ИСТИНА
15;1;Чувашия;Чувашия;Чувашия;01.01.1900;01.01.1900;05.11.2015;ИСТИНА
17;2;Автономный округ;АО;Автономный округ;01.01.1900;01.01.1900;05.11.2015;ИСТИНА
18;2;Внутригородская территория;вн.тер. г.;Внутригородская территория;05.11.2015;05.11.2015;05.11.2015;ИСТИНА
429;2;Город;г.;Город;14.10.2022;30.09.2022;06.06.2079;ИСТИНА
423;2;Город;г;Город;14.10.2022;05.11.2015;30.09.2022;ИСТИНА
19;2;Городской округ;г.о.;Городской округ;05.11.2015;05.11.2015;05.11.2015;ИСТИНА
20;2;Муниципальный район;м.р-н;Муниципальный район;05.11.2015;05.11.2015;05.11.2015;ИСТИНА
21;2;Поселение;п;Поселение;01.01.1900;01.01.1900;05.11.2015;ИСТИНА
22;2;Поселение;пос.;Поселение;05.11.2015;05.11.2015;06.06.2079;ИСТИНА
23;2;Район;р-н;Район;01.01.1900;01.01.1900;06.06.2079;ИСТИНА
24;2;Территория;тер;Территория;01.01.1900;01.01.1900;05.11.2015;ИСТИНА
25;2;Улус;у;Улус;01.01.1900;01.01.1900;05.11.2015;ИСТИНА
26;2;Улус;у.;Улус;05.11.2015;05.11.2015;06.06.2079;ИСТИНА
417;3;внутригородская территория (внутригородское муниципальное образование) города федерального значения;вн.тер.г.;внутригородская территория (внутригородское муниципальное образование) города федерального значения;05.11.2015;05.11.2015;06.06.2079;ИСТИНА
414;3;Городской округ;г.о.;Городской округ;05.11.2015;05.11.2015;06.06.2079;ИСТИНА
422;3;Муниципальный округ;м.о.;Муниципальный округ;01.05.2019;01.05.2019;06.06.2079;ИСТИНА
416;3;Муниципальный район;м.р-н;Муниципальный район;05.11.2015;05.11.2015;06.06.2079;ИСТИНА
427;3;Федеральная территория;ф.т.;Федеральная территория;10.12.2021;10.12.2021;06.06.2079;ИСТИНА
420;4;внутригородской район;вн.р-н;внутригородской район;05.11.2015;05.11.2015;06.06.2079;ИСТИНА
419;4;городское поселение;г.п.;городское поселение;05.11.2015;05.11.2015;06.06.2079;ИСТИНА
421;4;межселенная территория;межсел.тер.;межселенная территория;05.11.2015;05.11.2015;06.06.2079;ИСТИНА
418;4;сельское поселение;с.п.;сельское поселение;05.11.2015;05.11.2015;06.06.2079;ИСТИНА
27;5;Волость;волость;Волость;01.01.1900;01.01.1900;05.11.2015;ИСТИНА
29;5;Город;г.;Город;05.11.2015;05.11.2015;06.06.2079;ИСТИНА
28;5;Город;г;Город;01.01.1900;01.01.1900;05.11.2015;ИСТИНА
30;5;Дачный поселок;дп;Дачный поселок;01.01.1900;01.01.1900;05.11.2015;ИСТИНА
31;5;Курортный поселок;кп;Курортный поселок;01.01.1900;01.01.1900;05.11.2015;ИСТИНА
32;5;Массив;массив;Массив;01.01.1900;01.01.1900;05.11.2015;ИСТИНА
33;5;Поселок;п;Поселок;01.01.1900;01.01.1900;05.11.2015;ИСТИНА
36;5;Поселок городского типа;пгт.;Поселок городского типа;05.11.2015;05.11.2015;06.06.2079;ИСТИНА
35;5;Поселок городского типа;пгт;Поселок городского типа;01.01.1900;01.01.1900;05.11.2015;ИСТИНА
34;5;Почтовое отделение;п/о;Почтовое отделение;01.01.1900;01.01.1900;05.11.2015;ИСТИНА
37;5;Рабочий поселок;рп;Рабочий поселок;14.10.2022;01.01.1900;30.09.2022;ИСТИНА
430;5;Рабочий поселок;рп.;Рабочий поселок;14.10.2022;30.09.2022;06.06.2079;ИСТИНА
426;5;Село;с;Село;14.10.2022;08.04.2021;30.09.2022;ИСТИНА
431;5;Село;с.;Село;14.10.2022;30.09.2022;06.06.2079;ИСТИНА
38;5;Сельская администрация;с/а;Сельская администрация;01.01.1900;01.01.1900;05.11.2015;ИСТИНА
40;5;Сельский округ;с/о;Сельский округ;01.01.1900;01.01.1900;05.11.2015;ИСТИНА
39;5;Сельское муницип.образование;с/мо;Сельское муниципальное образование;01.01.1900;01.01.1900;05.11.2015;ИСТИНА
41;5;Сельское поселение;с/п;Сельское поселение;01.01.1900;01.01.1900;05.11.2015;ИСТИНА
42;5;Сельсовет;с/с;Сельсовет;01.01.1900;01.01.1900;05.11.2015;ИСТИНА
43;5;Территория;тер;Территория;01.01.1900;01.01.1900;05.11.2015;ИСТИНА
46;6;Аал;аал;Аал;01.01.1900;01.01.1900;06.06.2079;ИСТИНА
47;6;Автодорога;автодорога;Автодорога;01.01.1900;01.01.1900;31.12.2015;ИСТИНА
48;6;Арбан;арбан;Арбан;01.01.1900;01.01.1900;06.06.2079;ИСТИНА
49;6;Аул;аул;Аул;01.01.1900;01.01.1900;06.06.2079;ИСТИНА
50;6;Волость;волость;Волость;01.01.1900;01.01.1900;05.11.2015;ИСТИНА
432;6;Выселки;в-ки;Выселки;14.10.2022;30.09.2022;06.06.2079;ИСТИНА
51;6;Выселки(ок);высел;Выселки(ок);14.10.2022;01.01.1900;30.09.2022;ИСТИНА
52;6;Город;г;Город;01.01.1900;01.01.1900;05.11.2015;ИСТИНА
53;6;Городок;г-к;Городок;01.01.1900;01.01.1900;06.06.2079;ИСТИНА
433;6;Городской поселок;гп.;Городской поселок;14.10.2022;30.09.2022;06.06.2079;ИСТИНА
54;6;Городской поселок;гп;Городской поселок;14.10.2022;01.01.1900;30.09.2022;ИСТИНА
57;6;Дачный поселок;дп.;Дачный поселок;01.01.1900;01.01.1900;06.06.2079;ИСТИНА
56;6;Дачный поселок;дп;Дачный поселок;01.01.1900;01.01.1900;14.02.2019;ИСТИНА
434;6;Деревня;д.;Деревня;14.10.2022;30.09.2022;06.06.2079;ИСТИНА
55;6;Деревня;д;Деревня;14.10.2022;01.01.1900;30.09.2022;ИСТИНА
69;6;ж/д останов. (обгонный) пункт;ж/д_оп;ж/д остановочный (обгонный) пункт;01.01.1900;01.01.1900;05.11.2015;ИСТИНА
58;6;Железнодорожная будка;ж/д б-ка;Железнодорожная будка;05.11.2015;05.11.2015;06.06.2079;ИСТИНА
67;6;Железнодорожная будка;ж/д_будка;Железнодорожная будка;01.01.1900;01.01.1900;05.11.2015;ИСТИНА
60;6;Железнодорожная ветка;ж/д в-ка;Железнодорожная ветка;14.02.2019;14.02.2019;06.06.2079;ИСТИНА
68;6;Железнодорожная казарма;ж/д_казарм;Железнодорожная казарма;01.01.1900;01.01.1900;14.02.2019;ИСТИНА
61;6;Железнодорожная казарма;ж/д к-ма;Железнодорожная казарма;14.02.2019;14.02.2019;06.06.2079;ИСТИНА
70;6;Железнодорожная платформа;ж/д_платф;Железнодорожная платформа;01.01.1900;01.01.1900;05.11.2015;ИСТИНА
66;6;Железнодорожная платформа;ж/д пл-ма;Железнодорожная платформа;05.11.2015;05.11.2015;06.06.2079;ИСТИНА
65;6;Железнодорожная площадка;ж/д пл-ка;Железнодорожная площадка;01.01.1900;01.01.1900;06.06.2079;ИСТИНА
73;6;Железнодорожная станция;ж/д_ст;Железнодорожная станция;14.10.2022;01.01.1900;30.09.2022;ИСТИНА
435;6;Железнодорожная станция;ж/д ст;Железнодорожная станция;14.10.2022;30.09.2022;06.06.2079;ИСТИНА
59;6;Железнодорожный блокпост;ж/д бл-ст;Железнодорожный блокпост;14.02.2019;14.02.2019;06.06.2079;ИСТИНА
62;6;Железнодорожный комбинат;ж/д к-т;Железнодорожный комбинат;14.02.2019;14.02.2019;06.06.2079;ИСТИНА
63;6;Железнодорожный остановочный пункт;ж/д о.п.;Железнодорожный остановочный пункт;14.02.2019;14.02.2019;06.06.2079;ИСТИНА
71;6;Железнодорожный пост;ж/д_пост;Железнодорожный пост;01.01.1900;01.01.1900;05.11.2015;ИСТИНА
64;6;Железнодорожный путевой пост;ж/д п.п.;Железнодорожный путевой пост;14.02.2019;14.02.2019;06.06.2079;ИСТИНА
436;6;Железнодорожный разъезд;ж/д рзд;Железнодорожный разъезд;14.10.2022;30.09.2022;06.06.2079;ИСТИНА
72;6;Железнодорожный разъезд;ж/д_рзд;Железнодорожный разъезд;14.10.2022;01.01.1900;30.09.2022;ИСТИНА
74;6;Жилая зона;жилзона;Жилая зона;01.01.1900;01.01.1900;05.11.2015;ИСТИНА
75;6;Жилой район;жилрайон;Жилой район;01.01.1900;01.01.1900;05.11.2015;ИСТИНА
437;6;Заимка;з-ка;Заимка;14.10.2022;30.09.2022;06.06.2079;ИСТИНА
76;6;Заимка;заимка;Заимка;14.10.2022;01.01.1900;30.09.2022;ИСТИНА
77;6;Зимовье;зим.;Зимовье;14.02.2019;14.02.2019;06.06.2079;ИСТИНА
78;6;Казарма;казарма;Казарма;01.01.1900;01.01.1900;05.11.2015;ИСТИНА
79;6;Квартал;кв-л;Квартал;01.01.1900;01.01.1900;14.02.2019;ИСТИНА
80;6;Кишлак;киш.;Кишлак;14.02.2019;14.02.2019;06.06.2079;ИСТИНА
81;6;Кордон;кордон;Кордон;01.01.1900;01.01.1900;05.11.2015;ИСТИНА
82;6;Курортный поселок;кп;Курортный поселок;14.10.2022;01.01.1900;30.09.2022;ИСТИНА
438;6;Курортный поселок;кп.;Курортный поселок;14.10.2022;30.09.2022;06.06.2079;ИСТИНА
83;6;Леспромхоз;лпх;Леспромхоз;01.01.1900;01.01.1900;05.11.2015;ИСТИНА
85;6;Массив;массив;Массив;01.01.1900;01.01.1900;05.11.2015;ИСТИНА
84;6;Местечко;м;Местечко;14.10.2022;01.01.1900;30.09.2022;ИСТИНА
439;6;Местечко;м-ко;Местечко;14.10.2022;30.09.2022;06.06.2079;ИСТИНА
86;6;Микрорайон;мкр;Микрорайон;01.01.1900;01.01.1900;14.02.2019;ИСТИНА
87;6;Населенный пункт;нп;Населенный пункт;01.01.1900;01.01.1900;14.02.2019;ИСТИНА
88;6;Населенный пункт;нп.;Населенный пункт;01.01.1900;01.01.1900;06.06.2079;ИСТИНА
89;6;Остров;остров;Остров;01.01.1900;01.01.1900;05.11.2015;ИСТИНА
93;6;Планировочный район;пл.р-н;Планировочный район;11.08.2020;01.01.1900;05.11.2015;ИСТИНА
97;6;Погост;погост;Погост;01.01.1900;01.01.1900;05.11.2015;ИСТИНА
90;6;Поселок;п;Поселок;14.10.2022;01.01.1900;30.09.2022;ИСТИНА
440;6;Поселок;п.;Поселок;14.10.2022;30.09.2022;06.06.2079;ИСТИНА
96;6;Поселок городского типа;пгт.;Поселок городского типа;05.11.2015;05.11.2015;06.06.2079;ИСТИНА
95;6;Поселок городского типа;пгт;Поселок городского типа;01.01.1900;01.01.1900;05.11.2015;ИСТИНА
94;6;Поселок и(при) станция(и);п/ст;Поселок и(при) станция(и);01.01.1900;01.01.1900;05.11.2015;ЛОЖЬ
91;6;Поселок при железнодорожной станции;п. ж/д ст.;Поселок при железнодорожной станции;14.02.2019;14.02.2019;06.06.2079;ИСТИНА
425;6;Поселок при станции (поселок станции);п. ст.;Поселок при станции (поселок станции);15.10.2020;05.11.2015;06.06.2079;ИСТИНА
441;6;Поселок разъезда;пос.рзд.;Поселок разъезда;14.10.2022;30.09.2022;06.06.2079;ИСТИНА
98;6;Поселок разъезда;пос.рзд;Поселок разъезда;14.10.2022;01.01.1900;30.09.2022;ИСТИНА
442;6;Починок;п-к;Починок;14.10.2022;30.09.2022;06.06.2079;ИСТИНА
99;6;Починок;починок;Починок;14.10.2022;01.01.1900;30.09.2022;ИСТИНА
92;6;Почтовое отделение;п/о;Почтовое отделение;01.01.1900;01.01.1900;05.11.2015;ИСТИНА
100;6;Промышленная зона;промзона;Промышленная зона;01.01.1900;01.01.1900;05.11.2015;ИСТИНА
102;6;Рабочий поселок;рп;Рабочий поселок;14.10.2022;01.01.1900;30.09.2022;ИСТИНА
443;6;Рабочий поселок;рп.;Рабочий поселок;14.10.2022;30.09.2022;06.06.2079;ИСТИНА
444;6;Разъезд;рзд.;Разъезд;14.10.2022;30.09.2022;06.06.2079;ИСТИНА
101;6;Разъезд;рзд;Разъезд;14.10.2022;01.01.1900;30.09.2022;ИСТИНА
105;6;Садовое неком-е товарищество;снт;Садовое некоммерческое товарищество;01.01.1900;01.01.1900;14.02.2019;ИСТИНА
445;6;Село;с.;Село;14.10.2022;30.09.2022;06.06.2079;ИСТИНА
103;6;Село;с;Село;14.10.2022;01.01.1900;30.09.2022;ИСТИНА
107;6;Сельский поселок;сп.;Сельский поселок;22.07.2019;22.07.2019;06.06.2079;ИСТИНА
106;6;Сельский поселок;сп;Сельский поселок;01.01.1900;01.01.1900;22.07.2019;ИСТИНА
104;6;Слобода;сл;Слобода;14.10.2022;01.01.1900;30.09.2022;ИСТИНА
446;6;Слобода;сл.;Слобода;14.10.2022;30.09.2022;06.06.2079;ИСТИНА
109;6;Станица;ст-ца;Станица;01.01.1900;01.01.1900;06.06.2079;ИСТИНА
108;6;Станция;ст;Станция;14.10.2022;01.01.1900;30.09.2022;ИСТИНА
447;6;Станция;ст.;Станция;14.10.2022;30.09.2022;06.06.2079;ИСТИНА
110;6;Территория;тер;Территория;01.01.1900;01.01.1900;05.11.2015;ИСТИНА
448;6;Улус;у.;Улус;14.10.2022;30.09.2022;06.06.2079;ИСТИНА
111;6;Улус;у;Улус;14.10.2022;01.01.1900;30.09.2022;ИСТИНА
449;6;Хутор;х.;Хутор;14.10.2022;30.09.2022;06.06.2079;ИСТИНА
112;6;Хутор;х;Хутор;14.10.2022;01.01.1900;30.09.2022;ИСТИНА
241;7;Аал;аал;Аал;05.11.2015;05.11.2015;14.02.2017;ИСТИНА
240;7;Абонентский ящик;а/я;Абонентский ящик;05.11.2015;05.11.2015;14.02.2017;ИСТИНА
242;7;Аллея;ал.;Аллея;05.11.2015;05.11.2015;14.02.2017;ИСТИНА
243;7;Арбан;арбан;Арбан;05.11.2015;05.11.2015;14.02.2017;ИСТИНА
244;7;Аул;аул;Аул;05.11.2015;05.11.2015;14.02.2017;ИСТИНА
245;7;Берег;б-г;Берег;05.11.2015;05.11.2015;14.12.2018;ИСТИНА
246;7;Бульвар;б-р;Бульвар;05.11.2015;05.11.2015;14.02.2017;ИСТИНА
247;7;Вал;вал;Вал;05.11.2015;05.11.2015;06.06.2079;ИСТИНА
248;7;Въезд;взд.;Въезд;05.11.2015;05.11.2015;14.02.2017;ИСТИНА
250;7;Гаражно-строительный кооп.;гск;Гаражно-строительный кооператив;01.01.1900;01.01.1900;14.02.2017;ИСТИНА
249;7;Городок;г-к;Городок;05.11.2015;05.11.2015;14.02.2017;ИСТИНА
252;7;Дачное неком-е партнерство;днп;Дачное некоммерческое партнерство;01.01.1900;01.01.1900;14.02.2017;ИСТИНА
251;7;Деревня;д.;Деревня;05.11.2015;05.11.2015;14.02.2017;ИСТИНА
253;7;Дорога;дор.;Дорога;05.11.2015;05.11.2015;14.02.2017;ИСТИНА
254;7;Железнодорожная будка;ж/д б-ка;Железнодорожная будка;05.11.2015;05.11.2015;14.02.2017;ИСТИНА
255;7;Железнодорожная казарма;ж/д к-ма;Железнодорожная казарма;05.11.2015;05.11.2015;14.02.2017;ИСТИНА
256;7;Железнодорожная платформа;ж/д пл-ма;Железнодорожная платформа;05.11.2015;05.11.2015;14.02.2017;ИСТИНА
258;7;Железнодорожная станция;ж/д ст.;Железнодорожная станция;05.11.2015;05.11.2015;14.02.2017;ИСТИНА
257;7;Железнодорожный разъезд;ж/д рзд.;Железнодорожный разъезд;05.11.2015;05.11.2015;14.02.2017;ИСТИНА
259;7;Жилой район;ж/р;Жилой район;05.11.2015;05.11.2015;14.12.2018;ИСТИНА
260;7;Заезд;ззд.;Заезд;05.11.2015;05.11.2015;14.02.2017;ИСТИНА
261;7;Зона (массив);зона;Зона (массив);05.11.2015;05.11.2015;06.06.2079;ИСТИНА
262;7;Квартал;кв-л;Квартал;05.11.2015;05.11.2015;06.06.2079;ИСТИНА
263;7;Километр;км;Километр;05.11.2015;05.11.2015;14.02.2017;ИСТИНА
265;7;Кольцо;к-цо;Кольцо;05.11.2015;05.11.2015;14.02.2017;ИСТИНА
264;7;Коса;коса;Коса;05.11.2015;05.11.2015;14.02.2017;ИСТИНА
266;7;Линия;лн.;Линия;05.11.2015;05.11.2015;14.02.2017;ИСТИНА
269;7;Местечко;м-ко;Местечко;05.11.2015;05.11.2015;14.02.2017;ИСТИНА
267;7;Местность;местность;Местность;01.01.1900;01.01.1900;14.02.2017;ИСТИНА
272;7;Месторождение;мр.;Месторождение;14.02.2019;14.02.2019;06.06.2079;ИСТИНА
268;7;Месторождение;месторожд.;Месторождение;01.01.1900;01.01.1900;14.12.2018;ИСТИНА
271;7;Микрорайон;мкр.;Микрорайон;05.11.2015;05.11.2015;06.06.2079;ИСТИНА
270;7;Микрорайон;мкр;Микрорайон;01.01.1900;01.01.1900;15.02.2017;ИСТИНА
274;7;Набережная;наб.;Набережная;05.11.2015;05.11.2015;06.06.2079;ИСТИНА
273;7;Некоммерческое партнерство;н/п;Некоммерческое партнерство;01.01.1900;01.01.1900;14.02.2017;ИСТИНА
275;7;Остров;ост-в;Остров;05.11.2015;05.11.2015;06.06.2079;ИСТИНА
278;7;Парк;парк;Парк;05.11.2015;05.11.2015;06.06.2079;ИСТИНА
280;7;Переезд;пер-д;Переезд;05.11.2015;05.11.2015;14.02.2017;ИСТИНА
279;7;Переулок;пер.;Переулок;05.11.2015;05.11.2015;14.02.2017;ИСТИНА
283;7;Платформа;платф.;Платформа;05.11.2015;05.11.2015;14.12.2018;ИСТИНА
284;7;Площадка;пл-ка;Площадка;05.11.2015;05.11.2015;14.02.2017;ИСТИНА
282;7;Площадь;пл.;Площадь;05.11.2015;05.11.2015;14.02.2017;ИСТИНА
285;7;Порт;порт;Порт;01.01.1900;01.01.1900;06.06.2079;ИСТИНА
276;7;Поселок;п.;Поселок;05.11.2015;05.11.2015;14.02.2017;ИСТИНА
281;7;Починок;п-к;Починок;05.11.2015;05.11.2015;14.02.2017;ИСТИНА
286;7;Проезд;пр-д;Проезд;05.11.2015;05.11.2015;14.02.2017;ИСТИНА
291;7;Промышленная зона;промзона;Промышленная зона;01.01.1900;01.01.1900;14.02.2017;ИСТИНА
277;7;Промышленный район;п/р;Промышленный район;05.11.2015;05.11.2015;14.12.2018;ИСТИНА
287;7;Просек;пр-к;Просек;05.11.2015;05.11.2015;14.02.2017;ИСТИНА
288;7;Просека;пр-ка;Просека;05.11.2015;05.11.2015;14.02.2017;ИСТИНА
290;7;Проселок;пр-лок;Проселок;05.11.2015;05.11.2015;14.02.2017;ИСТИНА
289;7;Проспект;пр-кт;Проспект;05.11.2015;05.11.2015;14.02.2017;ИСТИНА
292;7;Проулок;проул.;Проулок;05.11.2015;05.11.2015;14.02.2017;ИСТИНА
293;7;Разъезд;рзд.;Разъезд;05.11.2015;05.11.2015;14.02.2017;ИСТИНА
294;7;Район;р-н;Район;05.11.2015;05.11.2015;06.06.2079;ИСТИНА
296;7;Сад;сад;Сад;01.01.1900;01.01.1900;06.06.2079;ИСТИНА
428;7;Садовое товарищество;с/т;Садовое товарищество;01.01.1900;01.01.1900;14.02.2017;ИСТИНА
300;7;Садовое товарищество;снт;Садовое товарищество;01.01.1900;01.01.1900;14.02.2017;ЛОЖЬ
295;7;Село;с.;Село;05.11.2015;05.11.2015;14.02.2017;ИСТИНА
298;7;Сквер;сквер;Сквер;05.11.2015;05.11.2015;06.06.2079;ИСТИНА
301;7;Сквер;с-р;Сквер;05.11.2015;05.11.2015;14.02.2017;ИСТИНА
299;7;Слобода;сл.;Слобода;05.11.2015;05.11.2015;14.02.2017;ИСТИНА
297;7;Спуск;с-к;Спуск;05.11.2015;05.11.2015;14.02.2017;ИСТИНА
302;7;Станция;ст.;Станция;05.11.2015;05.11.2015;14.02.2017;ИСТИНА
303;7;Строение;стр.;Строение;05.11.2015;05.11.2015;14.02.2017;ИСТИНА
304;7;Территория;тер;Территория;01.01.1900;01.01.1900;15.02.2017;ИСТИНА
305;7;Территория;тер.;Территория;05.11.2015;05.11.2015;06.06.2079;ИСТИНА
306;7;Территория ГСК;тер. ГСК;Территория ГСК;05.11.2015;05.11.2015;14.12.2018;ИСТИНА
307;7;Территория ДНО;тер. ДНО;Территория дачных некоммерческих объединений граждан;05.11.2015;05.11.2015;14.02.2019;ИСТИНА
308;7;Территория ДНП;тер. ДНП;Территория дачных некоммерческих партнерств;05.11.2015;05.11.2015;14.02.2019;ИСТИНА
309;7;Территория ДНТ;тер. ДНТ;Территория дачных некоммерческих товариществ;05.11.2015;05.11.2015;14.02.2019;ИСТИНА
310;7;Территория ДПК;тер. ДПК;Территория дачных потребительских кооперативов;05.11.2015;05.11.2015;14.02.2019;ИСТИНА
311;7;Территория ОНО;тер. ОНО;Территория огороднических некоммерческих объединений граждан;05.11.2015;05.11.2015;14.02.2019;ИСТИНА
312;7;Территория ОНП;тер. ОНП;Территория огороднических некоммерческих партнерств;05.11.2015;05.11.2015;14.02.2019;ИСТИНА
313;7;Территория ОНТ;тер. ОНТ;Территория огороднического некоммерческого товарищества;05.11.2015;05.11.2015;06.06.2079;ИСТИНА
314;7;Территория ОПК;тер. ОПК;Территория огороднических потребительских кооперативов;05.11.2015;05.11.2015;14.02.2019;ИСТИНА
315;7;Территория ПК;тер. ПК;Территория потребительского кооператива;14.02.2019;14.02.2019;06.06.2079;ИСТИНА
316;7;Территория СНО;тер. СНО;Территория садоводческих некоммерческих объединений граждан;05.11.2015;05.11.2015;14.02.2019;ИСТИНА
317;7;Территория СНП;тер. СНП;Территория садоводческих некоммерческих партнерств;05.11.2015;05.11.2015;14.02.2019;ИСТИНА
318;7;Территория СНТ;тер. СНТ;Территория садоводческого некоммерческого товарищества;05.11.2015;05.11.2015;06.06.2079;ИСТИНА
322;7;Территория СОСН;тер.СОСН;Территория ведения гражданами садоводства или огородничества для собственных нужд;01.01.2019;01.01.2019;06.06.2079;ИСТИНА
319;7;Территория СПК;тер. СПК;Территория садоводческих потребительских кооперативов;05.11.2015;05.11.2015;14.02.2019;ИСТИНА
320;7;Территория ТСЖ;тер. ТСЖ;Территория товарищества собственников жилья;14.02.2019;14.02.2019;06.06.2079;ИСТИНА
321;7;Территория ТСН;тер. ТСН;Территория товарищества собственников недвижимости;05.11.2015;05.11.2015;06.06.2079;ИСТИНА
323;7;Территория ФХ;тер.ф.х.;Территория ФХ;05.11.2015;05.11.2015;14.12.2018;ИСТИНА
324;7;Тракт;тракт;Тракт;05.11.2015;05.11.2015;14.02.2017;ИСТИНА
325;7;Тупик;туп.;Тупик;05.11.2015;05.11.2015;14.02.2017;ИСТИНА
326;7;Улица;ул.;Улица;05.11.2015;05.11.2015;14.02.2017;ИСТИНА
327;7;Усадьба;ус.;Усадьба;05.11.2015;05.11.2015;14.12.2018;ИСТИНА
328;7;Фермерское хозяйство;ф/х;Фермерское хозяйство;01.01.1900;01.01.1900;14.02.2017;ИСТИНА
329;7;Хутор;х.;Хутор;05.11.2015;05.11.2015;14.02.2017;ИСТИНА
330;7;Шоссе;ш.;Шоссе;05.11.2015;05.11.2015;14.02.2017;ИСТИНА
331;7;Юрты;ю.;Юрты;05.11.2015;05.11.2015;06.06.2079;ИСТИНА
113;8;Абонентский ящик;а/я;Абонентский ящик;01.01.1900;01.01.1900;05.11.2015;ИСТИНА
114;8;Аллея;ал.;Аллея;05.11.2015;05.11.2015;06.06.2079;ИСТИНА
115;8;Аллея;аллея;Аллея;01.01.1900;01.01.1900;05.11.2015;ИСТИНА
116;8;Балка;балка;Балка;01.01.1900;01.01.1900;05.11.2015;ИСТИНА
117;8;Берег;берег;Берег;01.01.1900;01.01.1900;05.11.2015;ИСТИНА
119;8;Бугор;бугор;Бугор;01.01.1900;01.01.1900;05.11.2015;ИСТИНА
118;8;Бульвар;б-р;Бульвар;01.01.1900;01.01.1900;06.06.2079;ИСТИНА
120;8;Вал;вал;Вал;01.01.1900;01.01.1900;05.11.2015;ИСТИНА
121;8;Взвоз;взв.;Взвоз;05.11.2015;05.11.2015;09.11.2018;ИСТИНА
122;8;Въезд;въезд;Въезд;01.01.1900;01.01.1900;05.11.2015;ИСТИНА
124;8;Гаражно-строительный кооп.;гск;Гаражно-строительный кооператив;01.01.1900;01.01.1900;09.11.2018;ИСТИНА
123;8;Городок;г-к;Городок;01.01.1900;01.01.1900;05.11.2015;ИСТИНА
126;8;Дачное неком-е партнерство;днп;Дачное некоммерческое партнерство;01.01.1900;01.01.1900;05.11.2015;ИСТИНА
125;8;Деревня;д;Деревня;01.01.1900;01.01.1900;05.11.2015;ИСТИНА
127;8;Дорога;дор;Дорога;01.01.1900;01.01.1900;09.11.2018;ИСТИНА
130;8;ж/д останов. (обгонный) пункт;ж/д_оп;ж/д остановочный (обгонный) пункт;01.01.1900;01.01.1900;05.11.2015;ИСТИНА
128;8;Железнодорожная будка;ж/д_будка;Железнодорожная будка;01.01.1900;01.01.1900;05.11.2015;ИСТИНА
129;8;Железнодорожная казарма;ж/д_казарм;Железнодорожная казарма;01.01.1900;01.01.1900;05.11.2015;ИСТИНА
131;8;Железнодорожная платформа;ж/д_платф;Железнодорожная платформа;01.01.1900;01.01.1900;05.11.2015;ИСТИНА
134;8;Железнодорожная станция;ж/д_ст;Железнодорожная станция;01.01.1900;01.01.1900;05.11.2015;ИСТИНА
132;8;Железнодорожный пост;ж/д_пост;Железнодорожный пост;01.01.1900;01.01.1900;05.11.2015;ИСТИНА
133;8;Железнодорожный разъезд;ж/д_рзд;Железнодорожный разъезд;01.01.1900;01.01.1900;05.11.2015;ИСТИНА
135;8;Животноводческая точка;жт;Животноводческая точка;01.01.1900;01.01.1900;05.11.2015;ИСТИНА
137;8;Заезд;ззд.;Заезд;05.11.2015;05.11.2015;09.11.2018;ИСТИНА
136;8;Заезд;заезд;Заезд;01.01.1900;01.01.1900;05.11.2015;ИСТИНА
138;8;Зона;зона;Зона;01.01.1900;01.01.1900;05.11.2015;ИСТИНА
139;8;Казарма;казарма;Казарма;01.01.1900;01.01.1900;05.11.2015;ИСТИНА
140;8;Квартал;кв-л;Квартал;01.01.1900;01.01.1900;09.11.2018;ИСТИНА
141;8;Километр;км;Километр;01.01.1900;01.01.1900;06.06.2079;ИСТИНА
142;8;Кольцо;кольцо;Кольцо;01.01.1900;01.01.1900;05.11.2015;ИСТИНА
144;8;Кольцо;к-цо;Кольцо;05.11.2015;05.11.2015;09.11.2018;ИСТИНА
143;8;Коса;коса;Коса;01.01.1900;01.01.1900;09.11.2018;ИСТИНА
146;8;Линия;лн.;Линия;05.11.2015;05.11.2015;09.11.2018;ИСТИНА
145;8;Линия;линия;Линия;01.01.1900;01.01.1900;05.11.2015;ИСТИНА
149;8;Магистраль;мгстр.;Магистраль;05.11.2015;05.11.2015;06.06.2079;ИСТИНА
148;8;Маяк;маяк;Маяк;01.01.1900;01.01.1900;05.11.2015;ИСТИНА
147;8;Местечко;м;Местечко;01.01.1900;01.01.1900;05.11.2015;ИСТИНА
150;8;Местность;местность;Местность;01.01.1900;01.01.1900;05.11.2015;ИСТИНА
151;8;Микрорайон;мкр;Микрорайон;01.01.1900;01.01.1900;09.11.2018;ИСТИНА
152;8;Мост;мост;Мост;01.01.1900;01.01.1900;05.11.2015;ИСТИНА
155;8;Набережная;наб.;Набережная;05.11.2015;05.11.2015;09.11.2018;ИСТИНА
154;8;Набережная;наб;Набережная;01.01.1900;01.01.1900;05.11.2015;ИСТИНА
156;8;Населенный пункт;нп;Населенный пункт;01.01.1900;01.01.1900;05.11.2015;ИСТИНА
153;8;Некоммерческое партнерство;н/п;Некоммерческое партнерство;01.01.1900;01.01.1900;05.11.2015;ИСТИНА
157;8;Остров;остров;Остров;01.01.1900;01.01.1900;05.11.2015;ИСТИНА
162;8;Парк;парк;Парк;01.01.1900;01.01.1900;05.11.2015;ИСТИНА
165;8;Переезд;пер-д;Переезд;05.11.2015;05.11.2015;09.11.2018;ИСТИНА
166;8;Переезд;переезд;Переезд;01.01.1900;01.01.1900;05.11.2015;ИСТИНА
164;8;Переулок;пер.;Переулок;14.10.2022;01.01.1900;06.06.2079;ИСТИНА
163;8;Переулок;пер;Переулок;14.10.2022;01.01.1900;30.09.2022;ИСТИНА
160;8;Планировочный район;пл.р-н;Планировочный район;11.08.2020;01.01.1900;05.11.2015;ИСТИНА
168;8;Платформа;платф;Платформа;01.01.1900;01.01.1900;05.11.2015;ИСТИНА
169;8;Площадка;пл-ка;Площадка;01.01.1900;01.01.1900;09.11.2018;ИСТИНА
167;8;Площадь;пл;Площадь;14.10.2022;01.01.1900;30.09.2022;ИСТИНА
450;8;Площадь;пл.;Площадь;14.10.2022;30.09.2022;06.06.2079;ИСТИНА
170;8;Полустанок;полустанок;Полустанок;01.01.1900;01.01.1900;05.11.2015;ИСТИНА
158;8;Поселок;п;Поселок;01.01.1900;01.01.1900;16.04.2018;ИСТИНА
161;8;Поселок и(при) станция(и);п/ст;Поселок и(при) станция(и);01.01.1900;01.01.1900;05.11.2015;ИСТИНА
159;8;Почтовое отделение;п/о;Почтовое отделение;01.01.1900;01.01.1900;05.11.2015;ИСТИНА
176;8;Проезд;проезд;Проезд;01.01.1900;01.01.1900;11.05.2015;ИСТИНА
171;8;Проезд;пр-д;Проезд;05.11.2015;05.11.2015;06.06.2079;ИСТИНА
177;8;Промзона;промзона;Промзона;01.01.1900;01.01.1900;09.11.2018;ИСТИНА
178;8;Просек;просек;Просек;01.01.1900;01.01.1900;05.11.2015;ИСТИНА
172;8;Просек;пр-к;Просек;05.11.2015;05.11.2015;09.11.2018;ИСТИНА
179;8;Просека;просека;Просека;01.01.1900;01.01.1900;05.11.2015;ИСТИНА
173;8;Просека;пр-ка;Просека;05.11.2015;05.11.2015;09.11.2018;ИСТИНА
175;8;Проселок;пр-лок;Проселок;05.11.2015;05.11.2015;09.11.2018;ИСТИНА
180;8;Проселок;проселок;Проселок;01.01.1900;01.01.1900;05.11.2015;ИСТИНА
174;8;Проспект;пр-кт;Проспект;01.01.1900;01.01.1900;06.06.2079;ИСТИНА
181;8;Проулок;проул.;Проулок;05.11.2015;05.11.2015;06.06.2079;ИСТИНА
182;8;Проулок;проулок;Проулок;01.01.1900;01.01.1900;05.11.2015;ИСТИНА
184;8;Разъезд;рзд.;Разъезд;05.11.2015;05.11.2015;06.06.2079;ИСТИНА
183;8;Разъезд;рзд;Разъезд;01.01.1900;01.01.1900;05.11.2015;ИСТИНА
185;8;Ряд(ы);ряд;Ряд(ы);05.11.2015;05.11.2015;09.11.2018;ИСТИНА
186;8;Ряды;ряды;Ряды;01.01.1900;01.01.1900;05.11.2015;ИСТИНА
189;8;Сад;сад;Сад;01.01.1900;01.01.1900;05.11.2015;ИСТИНА
194;8;Садовое неком-е товарищество;снт;Садовое некоммерческое товарищество;01.01.1900;01.01.1900;09.11.2018;ИСТИНА
188;8;Садовое товарищество;с/т;Садовое товарищество;05.11.2015;05.11.2015;08.05.2018;ИСТИНА
187;8;Село;с;Село;01.01.1900;01.01.1900;05.11.2015;ИСТИНА
192;8;Сквер;сквер;Сквер;01.01.1900;01.01.1900;05.11.2015;ИСТИНА
196;8;Сквер;с-р;Сквер;05.11.2015;05.11.2015;09.11.2018;ИСТИНА
193;8;Слобода;сл;Слобода;01.01.1900;01.01.1900;05.11.2015;ИСТИНА
191;8;Спуск;с-к;Спуск;05.11.2015;05.11.2015;06.06.2079;ИСТИНА
195;8;Спуск;спуск;Спуск;01.01.1900;01.01.1900;05.11.2015;ИСТИНА
197;8;Станция;ст;Станция;01.01.1900;01.01.1900;05.11.2015;ИСТИНА
198;8;Строение;стр;Строение;01.01.1900;01.01.1900;05.11.2015;ИСТИНА
190;8;Съезд;сзд.;Съезд;05.11.2015;05.11.2015;09.11.2018;ИСТИНА
199;8;Территория;тер;Территория;01.01.1900;01.01.1900;09.11.2018;ИСТИНА
200;8;Территория ДНТ;тер. ДНТ;Территория ДНТ;05.11.2015;05.11.2015;14.02.2019;ИСТИНА
201;8;Территория СНТ;тер. СНТ;Территория СНТ;05.11.2015;05.11.2015;08.05.2018;ИСТИНА
202;8;Тракт;тракт;Тракт;01.01.1900;01.01.1900;06.06.2079;ИСТИНА
203;8;Тупик;туп;Тупик;14.10.2022;01.01.1900;30.09.2022;ИСТИНА
451;8;Тупик;туп.;Тупик;14.10.2022;30.09.2022;06.06.2079;ИСТИНА
205;8;Улица;ул.;Улица;14.10.2022;01.01.1900;06.06.2079;ИСТИНА
204;8;Улица;ул;Улица;14.10.2022;01.01.1900;30.09.2022;ИСТИНА
206;8;Участок;уч-к;Участок;01.01.1900;01.01.1900;05.11.2015;ИСТИНА
208;8;Ферма;ферма;Ферма;01.01.1900;01.01.1900;05.11.2015;ИСТИНА
207;8;Фермерское хозяйство;ф/х;Фермерское хозяйство;01.01.1900;01.01.1900;05.11.2015;ИСТИНА
209;8;Хутор;х;Хутор;01.01.1900;01.01.1900;05.11.2015;ИСТИНА
211;8;Шоссе;ш.;Шоссе;14.10.2022;05.11.2015;06.06.2079;ИСТИНА
210;8;Шоссе;ш;Шоссе;14.10.2022;01.01.1900;30.09.2022;ИСТИНА
332;9;Земельный участок;з/у;Земельный участок;05.11.2015;05.11.2015;06.06.2079;ИСТИНА
16;13;Автономный округ;АО;Автономный округ;01.01.1900;01.01.1900;05.11.2015;ИСТИНА
44;14;Район;р-н;Район;01.01.1900;01.01.1900;05.11.2015;ИСТИНА
45;14;Территория;тер;Территория;01.01.1900;01.01.1900;05.11.2015;ИСТИНА
333;15;Гаражно-строительный кооп.;гск;Гаражно-строительный кооператив;01.01.1900;01.01.1900;11.05.2015;ИСТИНА
334;15;Дачное неком-е партнерство;днп;Дачное некоммерческое партнерство;01.01.1900;01.01.1900;11.05.2015;ИСТИНА
335;15;Местность;местность;Местность;01.01.1900;01.01.1900;06.06.2079;ИСТИНА
336;15;Микрорайон;мкр;Микрорайон;01.01.1900;01.01.1900;06.06.2079;ИСТИНА
337;15;Некоммерческое партнерство;н/п;Некоммерческое партнерство;01.01.1900;01.01.1900;06.06.2079;ИСТИНА
338;15;Промышленная зона;промзона;Промышленная зона;01.01.1900;01.01.1900;06.06.2079;ИСТИНА
339;15;Сад;сад;Сад;01.01.1900;01.01.1900;06.06.2079;ИСТИНА
340;15;Садовое товарищество;снт;Садовое товарищество;01.01.1900;01.01.1900;06.06.2079;ИСТИНА
341;15;Территория;тер;Территория;01.01.1900;01.01.1900;06.06.2079;ИСТИНА
342;15;Фермерское хозяйство;ф/х;Фермерское хозяйство;01.01.1900;01.01.1900;06.06.2079;ИСТИНА
344;16;Аал;аал;Аал;01.01.1900;01.01.1900;06.06.2079;ИСТИНА
343;16;Абонентский ящик;а/я;Абонентский ящик;01.01.1900;01.01.1900;31.12.2015;ИСТИНА
345;16;Аллея;аллея;Аллея;01.01.1900;01.01.1900;06.06.2079;ИСТИНА
346;16;Арбан;арбан;Арбан;01.01.1900;01.01.1900;06.06.2079;ИСТИНА
347;16;Аул;аул;Аул;01.01.1900;01.01.1900;06.06.2079;ИСТИНА
348;16;Берег;берег;Берег;01.01.1900;01.01.1900;06.06.2079;ИСТИНА
349;16;Бульвар;б-р;Бульвар;01.01.1900;01.01.1900;06.06.2079;ИСТИНА
350;16;Вал;вал;Вал;01.01.1900;01.01.1900;06.06.2079;ИСТИНА
351;16;Въезд;въезд;Въезд;01.01.1900;01.01.1900;31.12.2015;ИСТИНА
352;16;Выселки(ок);высел;Выселки(ок);01.01.1900;01.01.1900;06.06.2079;ИСТИНА
354;16;Гаражно-строит-ный кооператив;гск;Гаражно-строительный кооператив;01.01.1900;01.01.1900;31.12.2015;ИСТИНА
353;16;Городок;г-к;Городок;01.01.1900;01.01.1900;06.06.2079;ИСТИНА
355;16;Деревня;д;Деревня;01.01.1900;01.01.1900;06.06.2079;ИСТИНА
356;16;Дорога;дор;Дорога;01.01.1900;01.01.1900;06.06.2079;ИСТИНА
359;16;ж/д останов. (обгонный) пункт;ж/д_оп;ж/д остановочный (обгонный) пункт;01.01.1900;01.01.1900;31.12.2015;ИСТИНА
357;16;Железнодорожная будка;ж/д_будка;Железнодорожная будка;01.01.1900;01.01.1900;06.06.2079;ИСТИНА
358;16;Железнодорожная казарма;ж/д_казарм;Железнодорожная казарма;01.01.1900;01.01.1900;05.11.2015;ИСТИНА
360;16;Железнодорожная платформа;ж/д_платф;Железнодорожная платформа;01.01.1900;01.01.1900;06.06.2079;ИСТИНА
363;16;Железнодорожная станция;ж/д_ст;Железнодорожная станция;01.01.1900;01.01.1900;06.06.2079;ИСТИНА
361;16;Железнодорожный пост;ж/д_пост;Железнодорожный пост;01.01.1900;01.01.1900;31.12.2015;ИСТИНА
362;16;Железнодорожный разъезд;ж/д_рзд;Железнодорожный разъезд;01.01.1900;01.01.1900;06.06.2079;ИСТИНА
364;16;Животноводческая точка;жт;Животноводческая точка;01.01.1900;01.01.1900;31.12.2015;ИСТИНА
365;16;Заезд;заезд;Заезд;01.01.1900;01.01.1900;06.06.2079;ИСТИНА
366;16;Зона;зона;Зона;01.01.1900;01.01.1900;06.06.2079;ИСТИНА
367;16;Казарма;казарма;Казарма;01.01.1900;01.01.1900;31.12.2015;ИСТИНА
368;16;Квартал;кв-л;Квартал;01.01.1900;01.01.1900;06.06.2079;ИСТИНА
369;16;Километр;км;Километр;01.01.1900;01.01.1900;06.06.2079;ИСТИНА
370;16;Кольцо;кольцо;Кольцо;01.01.1900;01.01.1900;06.06.2079;ИСТИНА
371;16;Коса;коса;Коса;01.01.1900;01.01.1900;06.06.2079;ИСТИНА
372;16;Линия;линия;Линия;01.01.1900;01.01.1900;06.06.2079;ИСТИНА
373;16;Местечко;м;Местечко;01.01.1900;01.01.1900;06.06.2079;ИСТИНА
374;16;Микрорайон;мкр;Микрорайон;01.01.1900;01.01.1900;06.06.2079;ИСТИНА
375;16;Мост;мост;Мост;01.01.1900;01.01.1900;31.12.2015;ИСТИНА
376;16;Набережная;наб;Набережная;01.01.1900;01.01.1900;27.01.2018;ИСТИНА
377;16;Населенный пункт;нп;Населенный пункт;01.01.1900;01.01.1900;31.12.2015;ИСТИНА
378;16;Остров;остров;Остров;01.01.1900;01.01.1900;06.06.2079;ИСТИНА
383;16;Парк;парк;Парк;01.01.1900;01.01.1900;06.06.2079;ИСТИНА
385;16;Переезд;переезд;Переезд;01.01.1900;01.01.1900;06.06.2079;ИСТИНА
384;16;Переулок;пер;Переулок;01.01.1900;01.01.1900;06.06.2079;ИСТИНА
381;16;Планировочный район;пл.р-н;Планировочный район;11.08.2020;01.01.1900;31.12.2015;ИСТИНА
387;16;Платформа;платф;Платформа;01.01.1900;01.01.1900;06.06.2079;ИСТИНА
388;16;Площадка;пл-ка;Площадка;01.01.1900;01.01.1900;06.06.2079;ИСТИНА
386;16;Площадь;пл;Площадь;01.01.1900;01.01.1900;06.06.2079;ИСТИНА
379;16;Поселок;п;Поселок;01.01.1900;01.01.1900;06.06.2079;ИСТИНА
382;16;Поселок и(при) станция(и);п/ст;Поселок и(при) станция(и);01.01.1900;01.01.1900;06.06.2079;ИСТИНА
389;16;Починок;починок;Починок;01.01.1900;01.01.1900;06.06.2079;ИСТИНА
380;16;Почтовое отделение;п/о;Почтовое отделение;01.01.1900;01.01.1900;31.12.2015;ИСТИНА
391;16;Проезд;проезд;Проезд;01.01.1900;01.01.1900;06.06.2079;ИСТИНА
392;16;Просек;просек;Просек;01.01.1900;01.01.1900;06.06.2079;ИСТИНА
393;16;Просека;просека;Просека;01.01.1900;01.01.1900;06.06.2079;ИСТИНА
394;16;Проселок;проселок;Проселок;01.01.1900;01.01.1900;06.06.2079;ИСТИНА
390;16;Проспект;пр-кт;Проспект;01.01.1900;01.01.1900;06.06.2079;ИСТИНА
395;16;Проулок;проулок;Проулок;01.01.1900;01.01.1900;06.06.2079;ИСТИНА
396;16;Разъезд;рзд;Разъезд;01.01.1900;01.01.1900;06.06.2079;ИСТИНА
397;16;Ряды;ряды;Ряды;01.01.1900;01.01.1900;06.06.2079;ИСТИНА
399;16;Сад;сад;Сад;01.01.1900;01.01.1900;06.06.2079;ИСТИНА
402;16;Садовое неком-е товарищество;снт;Садовое некоммерческое товарищество;01.01.1900;01.01.1900;31.12.2015;ИСТИНА
398;16;Село;с;Село;01.01.1900;01.01.1900;06.06.2079;ИСТИНА
400;16;Сквер;сквер;Сквер;01.01.1900;01.01.1900;06.06.2079;ИСТИНА
401;16;Слобода;сл;Слобода;01.01.1900;01.01.1900;06.06.2079;ИСТИНА
403;16;Спуск;спуск;Спуск;01.01.1900;01.01.1900;06.06.2079;ИСТИНА
404;16;Станция;ст;Станция;01.01.1900;01.01.1900;06.06.2079;ИСТИНА
405;16;Строение;стр;Строение;01.01.1900;01.01.1900;31.12.2015;ИСТИНА
406;16;Территория;тер;Территория;01.01.1900;01.01.1900;06.06.2079;ИСТИНА
407;16;Тракт;тракт;Тракт;01.01.1900;01.01.1900;06.06.2079;ИСТИНА
408;16;Тупик;туп;Тупик;01.01.1900;01.01.1900;06.06.2079;ИСТИНА
409;16;Улица;ул;Улица;01.01.1900;01.01.1900;06.06.2079;ИСТИНА
410;16;Участок;уч-к;Участок;01.01.1900;01.01.1900;31.12.2015;ИСТИНА
411;16;Ферма;ферма;Ферма;01.01.1900;01.01.1900;31.12.2015;ИСТИНА
412;16;Хутор;х;Хутор;01.01.1900;01.01.1900;06.06.2079;ИСТИНА
413;16;Шоссе;ш;Шоссе;01.01.1900;01.01.1900;06.06.2079;ИСТИНА
227;17;Машино-место;м/м;Машино-место;14.02.2019;14.02.2019;06.06.2079;ИСТИНА
